<?xml version="1.0" encoding="UTF-8"?>

<!--   
    Copyright (c) 2011 Remko Caprio (r.caprio@elsevier.com) 
   
    MIT License 
   
    Permission is hereby granted, free of charge, to any person obtaining a copy 
    of this software and associated documentation files (the "Software"), to deal 
    in the Software without restriction, including without limitation the rights 
    to use, copy, modify, merge, publish, distribute, sublicense, and/or sell 
    copies of the Software, and to permit persons to whom the Software is 
    furnished to do so, subject to the following conditions: 
   
    The above copyright notice and this permission notice shall be included in 
    all copies or substantial portions of the Software. 
   
    THE SOFTWARE IS PROVIDED "AS IS", WITHOUT WARRANTY OF ANY KIND, EXPRESS OR 
    IMPLIED, INCLUDING BUT NOT LIMITED TO THE WARRANTIES OF MERCHANTABILITY, 
    FITNESS FOR A PARTICULAR PURPOSE AND NONINFRINGEMENT. IN NO EVENT SHALL THE 
    AUTHORS OR COPYRIGHT HOLDERS BE LIABLE FOR ANY CLAIM, DAMAGES OR OTHER 
    LIABILITY, WHETHER IN AN ACTION OF CONTRACT, TORT OR OTHERWISE, ARISING FROM, 
    OUT OF OR IN CONNECTION WITH THE SOFTWARE OR THE USE OR OTHER DEALINGS IN 
    THE SOFTWARE. 
--> 
<Module>
<ModulePrefs
        title="SciVerse Examples - Content API Call 1"
        title_url="http://developer.sciverse.com"
        author="remko caprio"
        author_email="developer@elsevier.com"
        description="This example demonstrates a simple content api call to the scidir cluster (ScienceDirect), searching for articles containing the search term.">
    <Require feature="opensocial-0.9" />
    <Require feature="sciverse" />
    <Require feature="hub" />
    <Require feature="org.jquery.core-1.4.2" />
</ModulePrefs>

<Content type="html" view="profile"><![CDATA[
	
<script type="text/javascript" >  
// global variables
var myapikey = "your api-key here";
var authtoken;
var context;
var numberOfSearchResultsToReturn = 50;
	
/**
 * 'run' is called 'onload' event. after the page finished loading, run is called by using 
 * gadgets.util.registerOnLoadHandler(run);
 */	
function run() 
{
	// the getContextInfo is a framework API call that returns the ContextInfo object. 
	// @see http://developer.sciverse.com/framework#context
	gadgets.sciverse.getContextInfo(init);
}

/**
 * 'init' initializes the gadget. it sets the user's search term as the default search term.
 */
function init(object1) {
	context = object1;
	var searchterms = context.searchTerms;
	document.getElementById('searchterms').value = searchterms;
}

function search()
{
	// clear possible results from previous search
	document.getElementById('content_div').innerHTML = "";
	// get authtoken from context object for content API call
	authtoken = context.secureAuthtoken;
	makeContentApiCall();
}

function makeContentApiCall()
{  
    var SDSearchString = context.searchTerms;
    SDSearchString = encodeURIComponent(SDSearchString);
    var nrOfResults = numberOfSearchResultsToReturn;      
    var view = "COMPLETE";
    var url = "http://api.elsevier.com/content/search/index:SCIDIR"+"?query=" + SDSearchString + "&count="+nrOfResults+"&view="+view;
  		  
    var requestHeaders = {};
  	requestHeaders['X-ELS-APIKey'] = myapikey;
    requestHeaders['X-ELS-Authtoken'] = authtoken;
  	
    bkapiMakeRequest(url, callback, requestHeaders);         
};
  
function bkapiMakeRequest(url, callback, requestHeaders) 
{ 
    var params = {};
    params[gadgets.io.RequestParameters.HEADERS] = requestHeaders;
          
    gadgets.sciverse.makeRequest(url, callback, params);
};
   
function callback(obj)
{  		
	var output = "";
		
    if(obj == null){
    	var display = "<b><font color='red'>return object == null</font></b>"
        document.getElementById('content_div').innerHTML = output;
        return;
    }
  
    var text = obj['text'];
    
    // @see http://wiki.opensocial.org/index.php?title=Gadgets.json_%28v0.9%29
    var textJson = gadgets.json.parse(text);
    if(!textJson){
        var display = "<b><font color='red'>parsing results returned nothing</font></b>"
        document.getElementById('content_div').innerHTML = output;
        return;
    }
    
    // @see http://www.json.org/js.html          
  	var entries = textJson['search-results']['entry'];
    numberOfEntries = entries.length;
    output = output + "<b>number of entries: " + numberOfEntries + "</b><br>";
    
    // @see http://api.jquery.com/jQuery.each/
    $.each(entries, function(i1, entry){
    	var title = entry['dc:title'];
    	output = output + (i1+1) + ". " + title + "<br>";
    });
              
	document.getElementById('content_div').innerHTML = output;
};
  
// @see http://wiki.opensocial.org/index.php?title=Gadgets.util_%28v0.9%29#gadgets.util.registerOnLoadHandler   
gadgets.util.registerOnLoadHandler(run);

</script>

<!-- The code for Profile view is here. -->
<div style="font-size: 10;">Profile view for SciVerseExamples-ContentAPICall1. This example sends a search request
to the SCIDIR cluster (ScienceDirect) and returns 50 results.</div>
<input type="text" name="searchterm" id="searchterms" /><input type="submit" value="search" onclick="javascript:search();" />
<div id="content_div" style="font-size: 10;"></div>
<div id="footer_div" style="font-size: 10;">For questions send an email to developer@elsevier.com</div>
]]></Content>

<Content type="html" view="canvas"><![CDATA[
<div>Canvas view for SciVerseExamples-ContentAPICall1.</div>
]]></Content>

<Content type="html" view="sciverseResultsView"><![CDATA[
<div>Sciverse Results View view for SciVerseExamples-ContentAPICall1.</div>
]]></Content>

</Module>